case_name,quantity,RMSE_C,MAE_C,bias_C,max_abs_C
May_cooling,Tmid_error_C,4.87392394185643,4.62237727495273,4.00092483991895,6.28264172306945
May_cooling,Tout_error_C,7.82065942285158,7.19828382174966,7.14864109012904,9.69691500592579
January_heating,Tmid_error_C,6.62870227825139,6.33028107076977,-6.06277850469708,8.01111935978436
January_heating,Tout_error_C,8.93677352800932,8.48224624686613,-8.35992900231252,10.5852107834722
