Case,Q_day1_W,Q_last_day_W,Eta_Q_last_day,Near_soil_rise_last_day_K
No gap,890.940468340632,645.050172167996,0.724010408203139,4.11782110786709
Fixed gap,831.993459943484,605.420926501119,0.727675102809395,3.86518543279773
